,Clump_Thickness,Uniformity_of_Cell_Size,Uniformity_of_Cell_Shape,Marginal_Adhesion,Single_Epithelial_Cell_Size,Bare_Nuclei,Bland_Chromatin,Normal_Nucleoli,Mitoses,Class
0,5,10,6,1,2,2,4,1,1,4
1,7,2,10,1,8,10,3,1,3,4
2,7,5,1,7,5,1,2,8,1,4
3,7,1,7,1,4,1,7,1,1,4
4,1,1,5,1,2,10,4,10,1,4
5,5,4,1,10,6,7,4,3,7,4
6,4,9,10,1,1,7,10,5,2,2
7,7,9,1,1,8,1,3,9,6,2
8,8,10,10,9,3,8,7,9,1,4
9,5,10,7,7,4,10,1,9,4,4
10,7,8,3,6,2,10,7,3,1,4
11,5,5,1,3,4,1,3,3,7,2
12,5,5,7,1,10,4,6,4,3,2
13,4,1,4,10,2,10,7,7,3,4
14,7,5,1,1,3,1,7,1,8,4
15,7,1,1,5,6,10,7,1,6,4
16,4,6,1,3,2,2,2,1,1,4
17,7,1,1,10,2,1,2,10,4,4
18,1,1,1,1,3,4,2,1,1,4
19,5,3,1,10,2,1,3,6,10,2
20,5,1,3,1,4,10,7,3,5,2
21,5,5,8,1,5,1,6,1,1,4
22,1,5,8,4,2,5,1,3,1,4
23,7,3,7,3,7,10,9,3,5,4
24,10,10,6,1,1,10,3,9,4,4
25,1,1,7,1,5,1,7,10,1,2
26,4,8,10,7,3,4,10,6,1,4
27,10,2,1,1,2,1,7,1,1,4
28,7,5,5,5,2,1,1,2,1,4
29,3,10,8,2,6,10,1,10,1,4
30,5,1,7,10,5,10,7,1,1,2
31,6,10,4,5,10,1,1,2,1,4
32,1,8,1,1,2,1,2,7,1,4
33,9,6,2,4,3,4,4,8,1,2
34,6,7,5,9,4,5,10,4,1,4
35,10,5,7,5,2,1,5,10,1,4
36,10,4,4,1,8,1,3,3,1,4
37,1,4,1,6,2,1,7,2,1,4
38,9,1,10,1,2,1,2,1,1,4
39,10,9,5,6,2,10,3,10,1,4
40,8,1,6,10,3,10,2,4,3,2
41,3,8,4,8,2,4,9,6,1,4
42,7,10,1,8,1,10,7,1,4,4
43,4,10,5,1,2,1,7,2,1,2
44,10,4,1,7,3,10,7,1,1,4
45,5,3,1,1,6,2,2,1,1,2
46,5,1,5,10,2,1,2,6,3,4
47,8,1,7,5,2,9,9,2,8,2
48,3,10,2,3,2,3,6,1,8,2
49,4,1,5,8,2,4,4,1,1,2
50,5,5,1,7,10,1,4,1,3,2
51,3,1,6,1,2,10,4,9,1,4
52,4,4,10,6,1,5,1,2,1,2
53,8,7,4,2,1,1,4,1,1,4
54,10,1,6,8,4,1,9,8,1,4
55,5,8,10,10,2,1,7,1,1,4
56,1,10,4,10,2,1,6,10,1,4
57,8,9,4,10,10,3,2,3,3,2
58,4,1,3,1,2,2,8,1,1,4
59,4,1,1,7,3,10,4,7,3,4
60,2,1,4,1,2,?,3,5,1,4
61,5,10,1,10,4,3,5,3,1,4
62,2,1,3,7,2,1,3,7,1,4
63,5,5,10,1,2,1,3,3,1,4
64,8,3,1,2,10,5,2,1,2,4
65,6,10,7,1,3,10,5,3,1,4
66,7,3,8,5,2,6,1,1,1,2
67,5,7,5,6,2,10,1,7,1,4
68,5,1,4,1,5,3,7,1,3,2
69,1,5,2,3,2,9,3,5,1,4
70,3,10,8,3,3,10,7,1,1,2
71,7,1,2,2,2,4,8,7,8,4
72,7,3,2,1,3,8,4,1,1,4
73,10,1,1,1,2,1,1,1,10,2
74,10,4,4,1,6,5,7,10,1,4
75,5,1,9,5,1,2,3,1,1,4
76,10,1,10,1,2,1,7,1,1,2
77,5,1,10,1,2,10,8,3,1,2
78,3,2,1,1,5,1,4,4,6,2
79,4,10,1,2,2,1,9,7,3,2
80,10,4,1,2,1,10,3,3,1,4
81,10,7,10,5,5,10,10,1,2,4
82,10,1,2,5,10,1,3,1,4,4
83,2,8,10,1,5,2,3,1,1,4
84,8,10,1,10,2,1,3,1,2,4
85,2,5,1,1,3,8,2,1,7,4
86,4,1,4,1,2,10,1,1,1,4
87,4,1,5,6,7,9,5,6,1,4
88,7,10,8,4,2,6,2,6,10,4
89,10,2,1,1,2,8,6,1,1,4
90,2,5,1,10,6,1,3,1,10,4
91,10,1,1,8,10,3,7,6,3,4
92,2,8,1,1,2,10,4,10,1,4
93,8,10,8,8,4,10,1,3,1,4
94,5,7,5,2,2,1,3,1,1,4
95,10,4,4,1,8,6,1,3,3,2
96,5,3,10,1,7,1,3,3,1,4
97,9,10,6,1,5,4,5,3,1,4
98,5,3,8,1,4,1,7,2,3,4
99,7,4,9,2,6,?,7,10,10,2
100,1,4,10,3,3,10,1,6,7,2
101,4,4,2,7,2,3,1,1,1,4
102,10,1,8,8,4,5,7,10,3,4
103,5,10,1,2,10,10,7,1,1,2
104,5,2,1,1,5,1,7,7,3,2
105,5,10,1,5,3,3,3,1,1,4
106,8,1,10,2,7,1,5,6,1,4
107,8,1,2,6,2,9,2,1,1,4
108,3,5,2,8,5,8,3,4,1,4
109,6,5,1,8,8,1,3,8,1,2
110,1,5,3,1,3,1,7,10,1,4
111,1,1,7,4,5,1,2,8,6,4
112,5,8,10,1,2,1,2,9,1,4
113,5,3,1,4,2,8,3,10,10,4
114,3,3,5,1,8,9,2,5,10,4
115,1,4,6,1,2,4,7,1,1,2
116,5,1,10,1,6,5,5,8,5,4
117,4,1,1,8,3,10,7,1,1,4
118,2,8,10,4,2,1,3,6,2,2
119,6,1,1,2,3,1,7,10,5,2
120,5,10,7,5,2,1,2,10,3,4
121,5,4,6,9,10,10,7,10,2,4
122,5,7,1,3,3,1,3,7,1,4
123,4,6,1,2,6,2,5,10,3,4
124,10,2,10,1,2,8,7,3,4,4
125,2,8,1,6,6,3,7,10,7,2
126,5,9,1,1,2,6,10,1,1,2
127,3,2,2,2,3,1,1,8,1,2
128,8,10,1,1,2,5,4,10,1,4
129,1,10,10,6,4,1,7,1,1,2
130,4,2,5,1,6,10,7,1,10,4
131,7,1,5,7,5,8,4,1,1,4
132,8,10,1,7,6,8,2,3,4,4
133,10,1,8,2,4,8,2,1,10,4
134,3,3,8,1,9,5,8,1,3,4
135,9,8,6,1,4,1,7,1,1,2
136,5,3,6,8,3,1,2,1,1,4
137,10,8,5,1,4,4,10,3,1,4
138,6,6,1,1,6,8,5,3,10,2
139,5,7,3,5,5,1,8,9,1,4
140,10,10,1,8,2,1,3,3,1,2
141,3,1,1,3,2,1,2,10,2,2
142,8,1,7,1,8,10,1,1,1,4
143,5,5,2,2,1,1,1,1,1,4
144,10,5,5,1,2,5,4,4,1,2
145,10,1,3,4,3,1,7,1,1,4
146,9,9,8,1,9,5,10,2,1,4
147,10,2,7,1,2,10,1,2,1,2
148,5,10,10,2,6,10,7,3,1,2
149,10,3,10,4,2,9,2,1,1,4
150,1,1,3,1,3,4,8,1,1,2
151,7,10,5,1,6,10,4,10,1,2
152,10,1,1,2,2,10,8,1,1,2
153,2,8,4,3,2,1,8,10,1,2
154,1,10,8,7,5,1,1,7,1,4
155,2,4,4,3,3,1,1,1,1,4
156,10,7,1,1,2,10,7,1,1,2
157,8,10,7,4,4,8,7,1,1,4
158,7,5,4,7,7,3,7,10,2,4
159,5,1,10,10,6,9,3,1,1,4
160,10,3,1,10,2,3,1,4,1,2
161,5,9,1,3,7,1,5,3,1,4
162,5,3,1,10,4,10,1,10,7,4
163,4,8,1,8,3,1,7,2,1,4
164,6,2,7,1,7,2,6,1,4,2
165,10,6,8,10,3,1,7,1,1,2
166,7,1,2,2,2,1,10,4,1,2
167,3,1,10,1,8,8,4,5,1,4
168,5,1,9,10,2,1,5,1,1,2
169,10,3,1,2,10,1,7,1,1,4
170,8,1,2,2,4,1,1,5,1,4
171,3,3,3,4,10,10,3,8,1,4
172,5,4,7,4,2,1,4,1,1,4
173,5,10,7,1,4,8,5,1,1,2
174,10,6,3,1,6,5,3,1,1,2
175,8,4,3,1,10,8,1,1,7,4
176,3,1,1,10,8,1,1,9,1,4
177,4,10,5,1,3,8,7,10,7,4
178,5,1,10,3,2,1,7,1,2,2
179,3,1,8,10,2,10,8,7,1,4
180,8,2,5,6,8,1,3,7,7,4
181,3,1,1,8,7,1,7,3,1,2
182,8,10,1,8,4,1,2,2,10,4
183,1,1,10,1,2,5,7,3,1,4
184,8,5,1,4,3,5,4,1,1,4
185,3,9,1,1,3,4,7,7,1,4
186,10,1,4,8,3,3,7,1,1,4
187,4,1,1,3,6,5,7,1,1,2
188,10,3,2,1,8,1,1,1,1,4
189,10,8,10,4,2,9,2,9,4,2
190,2,7,5,3,2,1,1,4,1,4
191,8,6,10,6,1,9,3,1,1,4
192,1,2,3,10,10,1,2,2,1,4
193,10,1,1,3,6,1,3,7,1,4
194,4,10,10,7,1,2,5,6,1,2
195,1,6,7,1,5,4,3,10,7,4
196,3,6,1,3,8,1,5,2,1,4
197,6,10,3,1,10,1,7,1,8,2
198,9,7,5,1,10,2,7,1,2,4
199,6,1,4,10,3,9,8,6,3,4
200,3,6,10,1,2,4,2,1,1,4
201,4,7,10,10,2,1,1,1,1,2
202,10,10,1,10,2,1,3,1,1,4
203,4,1,6,1,5,3,5,1,1,2
204,10,2,1,10,4,1,1,8,3,4
205,7,9,5,4,10,3,7,1,1,2
206,9,8,5,1,2,1,2,3,1,4
207,4,3,5,1,9,1,3,1,1,4
208,8,6,1,1,6,1,7,1,1,4
209,10,9,2,1,7,3,5,1,1,4
210,10,1,3,1,3,1,2,1,2,4
211,2,10,8,6,3,1,8,3,1,4
212,1,1,1,10,6,1,7,8,2,4
213,7,4,7,1,3,8,1,1,7,4
214,3,3,1,1,3,6,2,10,4,2
215,5,5,10,1,2,1,1,8,2,4
216,5,10,3,8,5,9,7,1,1,4
217,10,8,7,1,1,10,3,1,3,4
218,7,1,7,2,10,1,8,10,4,2
219,5,10,2,3,2,1,2,1,1,2
220,9,3,5,5,5,8,4,1,1,4
221,4,6,1,1,2,10,10,8,1,2
222,8,1,3,2,2,10,3,1,6,4
223,1,3,1,3,9,10,8,3,3,4
224,10,1,1,1,3,1,7,1,1,4
225,10,1,1,1,5,8,7,1,1,4
226,3,8,6,2,2,1,9,1,1,4
227,10,10,9,1,3,10,1,7,1,4
228,8,6,1,1,2,10,7,7,1,4
229,10,4,10,1,2,1,3,1,1,4
230,5,1,10,4,8,?,10,8,1,4
231,3,3,4,1,8,8,1,3,3,4
232,1,1,3,1,6,1,7,1,1,4
233,10,5,7,1,6,5,3,1,1,2
234,6,2,1,10,2,1,2,6,1,4
235,5,7,4,1,2,10,2,10,2,4
236,10,8,3,10,2,1,10,5,2,4
237,5,1,6,1,2,1,10,3,1,2
238,8,8,4,1,10,1,1,1,10,2
239,4,1,4,3,4,10,4,3,3,2
240,4,8,1,1,5,3,9,10,2,4
241,10,2,1,10,10,4,7,1,1,4
242,6,10,4,1,3,1,9,9,1,4
243,10,2,6,10,7,1,3,1,8,2
244,10,1,1,7,6,?,3,9,2,4
245,9,1,4,1,4,3,7,1,1,4
246,9,8,10,9,4,10,6,5,1,2
247,6,3,8,2,6,1,7,1,1,4
248,2,8,1,1,10,3,7,8,1,2
249,4,1,8,3,3,5,1,5,1,4
250,3,1,4,10,10,1,4,1,2,4
251,1,1,1,4,2,1,7,1,1,2
252,1,10,1,1,2,1,6,1,1,4
253,8,1,5,2,2,8,10,10,1,4
254,10,8,5,2,6,1,7,8,1,4
255,5,1,4,1,10,1,4,1,1,2
256,5,10,5,8,10,10,9,1,3,4
257,8,10,1,1,3,10,1,1,7,2
258,2,3,1,1,2,3,3,10,1,4
259,5,8,1,1,1,9,7,1,10,2
260,10,4,3,10,6,4,7,6,4,4
261,5,1,1,1,5,1,4,10,2,4
262,8,7,10,1,4,4,7,9,2,4
263,5,6,10,7,5,2,4,7,1,4
264,3,1,3,1,7,10,5,6,1,4
265,3,10,5,4,2,3,7,1,1,2
266,9,1,5,10,3,1,10,2,7,2
267,8,3,1,10,6,8,7,1,1,4
268,2,3,10,1,8,10,8,1,3,2
269,10,3,2,10,2,1,3,10,2,4
270,1,7,1,10,5,1,3,1,1,2
271,2,5,1,2,1,1,10,10,7,4
272,9,6,7,4,2,1,7,1,1,4
273,3,10,4,2,3,5,1,1,1,4
274,1,10,7,3,2,1,2,1,3,4
275,4,4,10,1,3,3,3,9,1,4
276,5,6,1,10,3,10,7,10,1,4
277,10,5,3,2,8,10,1,1,1,2
278,10,1,1,1,2,1,3,1,5,2
279,9,10,1,8,1,1,7,9,1,4
280,9,5,7,7,2,8,4,7,5,4
281,10,5,10,8,3,1,3,1,1,4
282,5,2,8,1,4,1,2,8,1,4
283,7,7,10,9,2,1,7,1,1,2
284,3,3,10,1,2,1,7,10,5,2
285,9,4,1,1,4,5,7,8,3,2
286,8,1,10,3,2,9,7,7,3,4
287,5,4,10,10,7,10,7,6,1,4
288,10,3,7,1,3,4,7,1,1,4
289,8,2,1,2,5,?,7,1,1,4
290,5,10,10,4,2,8,3,1,1,2
291,8,8,4,6,10,2,3,1,8,4
292,7,10,1,1,2,1,3,2,1,2
293,4,9,8,3,3,10,1,1,10,4
294,8,3,1,1,5,10,5,3,1,4
295,6,4,2,10,2,1,7,1,1,4
296,5,10,1,8,10,10,2,4,10,4
297,1,8,1,10,10,3,8,1,1,4
298,3,8,6,1,10,1,7,4,2,4
299,7,8,1,1,8,1,5,1,1,4
300,10,10,7,1,3,4,3,8,1,2
301,3,5,5,3,2,8,3,10,1,4
302,5,7,1,10,4,3,7,3,1,4
303,8,1,5,2,2,1,7,1,1,2
304,1,1,5,6,2,10,9,10,8,4
305,5,1,1,10,10,10,7,1,4,4
306,10,5,1,5,3,1,10,5,1,2
307,4,1,8,1,3,8,2,7,6,4
308,3,5,5,1,3,4,7,4,1,4
309,6,10,1,1,2,10,8,6,7,2
310,8,6,1,1,4,2,3,3,1,2
311,8,1,1,9,2,1,3,10,1,4
312,3,10,7,10,2,1,7,1,1,2
313,3,10,1,3,3,1,3,10,4,2
314,8,5,8,1,4,7,4,5,8,2
315,10,6,3,5,6,1,6,4,1,4
316,6,10,2,2,5,3,9,9,4,4
317,8,3,8,8,2,5,6,8,1,2
318,10,2,3,10,2,8,5,10,1,4
319,1,10,3,2,8,3,7,1,1,4
320,8,1,2,1,2,5,7,1,1,4
321,10,1,1,3,1,10,4,3,2,2
322,4,10,8,9,2,1,7,10,4,4
323,6,1,1,1,3,1,3,1,2,2
324,10,5,6,10,3,9,3,10,3,2
325,3,1,3,3,2,1,3,1,1,4
326,1,1,10,3,4,10,5,10,3,4
327,4,4,1,10,2,10,7,1,1,4
328,5,8,7,10,2,10,4,3,1,4
329,10,1,7,10,4,1,6,1,3,2
330,4,1,2,10,3,10,7,1,1,2
331,5,3,1,10,2,9,2,10,10,4
332,1,6,10,9,6,10,2,8,10,4
333,4,1,1,7,2,1,2,1,1,2
334,3,10,3,7,2,10,7,1,3,4
335,4,6,4,6,2,1,4,8,1,4
336,5,7,1,3,2,3,8,10,5,4
337,6,5,2,1,8,2,7,1,5,4
338,9,10,7,3,6,10,7,9,4,4
339,5,7,1,4,2,1,1,1,10,2
340,10,1,1,1,10,1,2,10,3,4
341,4,3,2,1,2,4,4,9,2,2
342,1,3,4,1,5,1,8,5,1,4
343,5,10,10,1,3,5,7,10,1,4
344,7,6,4,1,2,1,3,1,7,2
345,5,7,8,3,6,3,3,1,7,4
346,10,5,3,3,8,2,7,1,3,4
347,3,5,6,1,2,5,7,1,5,4
348,5,1,1,10,2,1,3,1,1,4
349,1,10,8,4,6,1,9,3,3,2
350,5,3,10,5,6,1,2,10,3,4
351,8,6,8,5,4,1,7,3,4,4
352,1,10,10,1,2,1,7,7,1,4
353,4,1,7,1,4,8,5,1,1,4
354,4,5,8,5,3,1,1,1,8,4
355,3,3,1,6,5,10,6,1,4,4
356,3,5,1,1,3,2,8,7,1,2
357,4,6,10,3,5,10,2,10,1,4
358,8,1,1,8,6,2,5,10,10,4
359,10,1,5,1,8,10,7,10,1,2
360,10,10,10,8,2,10,3,7,1,4
361,1,1,3,8,4,9,1,3,1,2
362,5,1,8,1,7,1,1,8,10,4
363,2,7,7,9,10,10,3,5,1,2
364,8,1,2,1,3,1,7,1,1,4
365,5,10,5,10,2,10,5,1,3,4
366,4,10,4,2,2,10,10,10,1,2
367,10,3,4,2,2,10,7,1,2,2
368,5,3,1,1,2,1,4,7,1,2
369,10,7,2,6,6,2,7,9,10,2
370,8,1,9,5,2,9,1,10,6,2
371,1,3,10,3,2,8,5,1,1,2
372,5,10,3,2,3,10,5,2,1,4
373,8,6,10,1,6,1,2,1,1,4
374,10,4,1,2,3,9,1,8,10,2
375,2,8,10,9,10,9,9,5,7,2
376,8,5,1,1,5,1,7,1,1,4
377,5,1,5,5,6,10,3,1,1,2
378,3,3,1,1,5,8,7,2,5,4
379,5,3,10,1,6,?,6,10,1,2
380,1,1,7,1,2,1,5,10,1,4
381,7,3,5,10,6,1,6,1,2,4
382,5,5,1,1,6,?,2,1,1,4
383,10,3,5,5,1,1,10,1,1,4
384,5,3,8,1,10,10,1,10,1,4
385,10,8,5,10,2,1,7,10,1,4
386,6,1,5,2,5,6,4,4,4,4
387,6,1,5,1,4,1,7,1,1,4
388,4,1,1,3,2,?,7,1,3,2
389,3,10,2,1,2,4,10,1,3,2
390,2,10,1,2,5,1,10,9,1,2
391,8,3,5,2,2,10,7,8,1,2
392,5,8,8,10,2,1,1,1,1,4
393,10,3,3,3,2,1,4,10,10,4
394,10,10,1,1,7,10,7,4,1,4
395,4,5,4,1,2,10,3,10,8,4
396,8,4,1,1,4,10,8,10,1,2
397,3,8,5,2,2,1,2,6,2,2
398,1,1,5,3,2,10,2,5,1,4
399,8,10,8,2,3,10,7,1,3,4
400,7,5,1,1,2,1,10,3,4,4
401,10,1,10,10,10,8,4,3,2,4
402,6,3,10,1,2,4,7,1,5,4
403,1,1,4,1,2,1,4,6,1,4
404,6,4,6,4,7,10,7,1,1,4
405,1,8,2,1,3,10,1,1,7,2
406,3,1,2,6,6,1,9,1,10,2
407,10,6,9,1,2,6,4,3,2,4
408,2,10,4,1,10,3,7,1,1,2
409,3,8,1,4,2,10,7,2,8,2
410,6,8,8,4,2,1,4,10,1,2
411,5,3,10,1,4,1,1,1,2,2
412,5,1,10,8,6,1,10,1,3,2
413,10,1,6,4,3,1,3,7,10,2
414,6,3,9,1,2,5,2,1,1,4
415,5,10,1,7,10,10,3,3,1,2
416,9,2,5,10,2,4,10,3,1,4
417,1,2,1,6,1,10,7,3,2,2
418,4,1,10,2,3,10,4,5,1,2
419,10,6,10,10,2,10,3,10,2,4
420,8,10,5,7,2,4,2,1,1,2
421,9,10,7,5,3,8,3,1,1,2
422,7,10,6,1,2,10,4,5,1,2
423,2,6,4,1,4,1,2,1,2,4
424,3,1,3,1,10,1,6,8,1,4
425,5,8,1,4,2,10,4,10,2,4
426,9,6,10,6,8,1,8,1,1,4
427,4,1,5,1,1,10,5,1,1,4
428,1,5,10,10,2,?,4,1,10,2
429,10,1,5,1,10,6,1,2,1,4
430,7,4,5,10,8,1,1,10,6,4
431,10,1,7,1,2,8,7,10,1,4
432,1,2,4,1,8,2,5,6,1,2
433,4,9,6,6,2,8,5,10,1,2
434,10,1,10,2,5,?,7,4,2,4
435,5,4,1,10,10,10,3,6,1,4
436,3,1,7,10,2,1,7,1,1,2
437,8,2,1,2,6,5,7,1,1,4
438,2,1,5,10,5,1,3,3,1,4
439,1,1,10,10,2,8,1,1,2,4
440,10,8,8,4,3,1,3,3,1,4
441,2,10,1,1,6,1,4,1,1,4
442,10,4,1,3,2,4,2,1,2,2
443,8,1,7,1,4,1,7,4,1,4
444,1,1,5,4,10,5,7,2,1,2
445,3,3,1,1,6,5,7,2,1,4
446,5,3,1,6,1,10,8,1,1,4
447,1,9,3,2,2,10,2,1,2,4
448,8,6,4,3,2,1,2,9,2,4
449,7,3,5,1,7,2,7,10,1,2
450,10,1,2,6,2,9,7,2,5,2
451,8,7,5,10,2,9,7,3,1,4
452,10,1,1,4,10,10,7,8,3,4
453,5,10,10,1,2,10,10,3,2,4
454,4,2,1,3,2,8,10,10,4,4
455,3,8,7,3,2,10,3,1,3,4
456,2,8,1,2,4,5,2,7,1,4
457,10,8,3,5,1,10,8,1,1,4
458,8,3,8,10,10,1,3,8,3,4
459,8,4,1,1,10,10,3,8,1,4
460,5,10,8,7,3,1,1,1,1,4
461,10,8,1,5,6,5,3,1,2,4
462,3,10,2,10,6,1,7,5,1,4
463,8,1,10,6,3,4,10,5,4,4
464,1,8,10,3,4,10,7,4,1,4
465,8,1,1,1,2,1,7,1,7,4
466,4,1,5,10,8,10,3,1,2,4
467,9,1,1,2,3,1,6,5,2,4
468,6,4,10,2,5,10,10,10,1,2
469,5,6,1,3,2,10,3,1,2,2
470,6,1,8,3,8,10,3,1,7,4
471,5,4,8,1,5,7,3,1,4,4
472,1,4,10,1,7,10,1,1,8,4
473,1,6,8,8,8,1,2,8,8,4
474,10,3,5,1,2,1,7,10,2,4
475,7,1,7,5,2,1,7,10,1,4
476,9,1,2,8,3,1,1,1,3,4
477,6,1,7,1,1,1,8,2,1,4
478,1,8,4,2,5,10,5,1,1,2
479,3,10,1,3,2,1,3,2,1,4
480,10,5,3,4,4,10,2,8,1,2
481,7,10,5,1,2,1,10,1,1,4
482,5,7,4,1,10,4,2,3,1,4
483,10,1,7,5,8,8,1,7,1,2
484,5,3,1,3,6,1,8,1,1,4
485,8,1,4,1,6,1,1,3,1,2
486,5,10,3,1,4,3,2,3,7,4
487,3,4,1,8,2,10,2,3,1,4
488,7,1,8,3,2,10,1,1,8,2
489,9,3,6,6,10,3,9,1,1,4
490,3,3,7,4,4,1,1,1,3,4
491,10,2,1,1,6,10,7,6,3,4
492,8,10,1,4,5,1,2,3,1,4
493,2,1,10,1,4,10,8,7,8,4
494,8,10,2,1,2,1,4,10,1,4
495,3,5,8,1,8,10,7,6,4,4
496,9,1,3,9,6,1,6,3,1,4
497,5,3,8,2,2,10,3,1,1,4
498,8,10,1,6,2,9,7,10,1,4
499,3,5,1,1,2,1,3,3,1,2
500,10,5,8,1,6,1,3,10,3,2
501,3,1,3,1,2,1,5,3,1,4
502,8,1,10,1,4,1,7,1,1,2
503,5,6,1,10,10,2,4,1,1,4
504,10,1,8,2,4,1,3,3,8,2
505,5,5,4,5,6,1,4,1,1,2
506,4,1,7,10,3,10,7,10,1,4
507,10,1,8,1,10,10,1,10,1,4
508,4,3,1,1,4,10,3,1,1,4
509,5,6,7,5,2,?,6,1,5,2
510,4,4,3,5,5,1,1,1,1,2
511,8,1,3,5,5,10,7,3,1,4
512,4,3,1,6,6,1,7,1,3,2
513,8,1,1,6,2,8,8,4,1,4
514,7,10,1,10,2,?,5,8,1,4
515,1,10,10,3,10,10,5,1,10,4
516,4,1,4,1,2,10,7,1,1,4
517,5,10,4,2,2,5,7,1,7,2
518,1,3,4,1,3,3,3,9,8,4
519,3,1,1,10,6,3,2,2,1,4
520,10,2,1,1,6,1,7,1,2,4
521,10,1,3,2,2,1,4,10,1,4
522,4,1,5,4,6,1,7,1,3,4
523,1,10,4,1,3,1,2,3,1,4
524,7,6,3,1,2,10,6,1,1,4
525,4,5,10,1,2,2,2,1,1,4
526,10,1,1,8,6,10,8,3,2,4
527,3,1,6,1,8,3,8,10,1,2
528,2,1,1,1,3,4,7,5,1,4
529,5,4,9,1,2,2,8,1,4,4
530,3,1,1,8,2,1,2,4,3,4
531,4,6,1,8,4,1,7,1,1,4
532,6,1,1,3,5,1,8,3,1,4
533,2,10,10,10,6,10,7,1,1,4
534,8,7,4,1,2,10,8,3,6,2
535,7,1,4,5,2,1,6,5,1,4
536,2,2,10,1,4,1,9,1,7,4
537,2,3,7,2,2,1,1,2,1,4
538,6,4,10,1,5,8,10,8,10,4
539,1,1,8,1,7,1,7,8,10,4
540,10,10,10,1,4,6,6,5,1,4
541,5,1,1,1,8,4,7,1,1,2
542,5,3,10,2,10,10,3,9,3,4
543,6,1,1,7,1,10,5,6,1,4
544,8,3,1,4,4,3,5,5,1,4
545,3,4,8,1,6,4,3,6,1,2
546,1,1,5,10,2,1,1,4,1,4
547,5,10,1,9,3,1,1,1,1,4
548,4,1,5,10,2,?,3,8,3,4
549,4,1,5,7,2,1,3,1,1,4
550,8,8,3,1,8,10,6,10,1,4
551,3,2,10,1,2,1,7,8,1,4
552,6,3,8,5,8,8,7,1,1,4
553,6,4,3,10,10,1,4,1,1,2
554,5,3,10,1,2,1,3,10,1,4
555,1,1,10,1,5,10,5,1,3,2
556,6,7,5,1,2,1,3,1,1,4
557,5,8,8,1,6,?,10,3,1,2
558,1,10,10,1,2,1,7,3,2,2
559,10,4,3,3,2,2,5,3,2,4
560,10,3,7,9,2,1,7,1,2,2
561,1,3,1,7,5,1,7,1,1,4
562,7,1,1,7,2,10,7,1,7,4
563,1,4,1,4,10,9,7,6,1,4
564,10,4,5,4,2,10,4,7,1,4
565,6,5,10,4,5,1,4,9,3,4
566,5,10,9,3,2,10,1,2,2,2
567,3,3,5,8,3,4,1,3,2,4
568,2,1,9,2,3,1,3,1,1,4
569,7,1,10,10,2,1,2,9,1,4
570,6,2,10,10,2,1,4,8,10,2
571,9,10,8,1,2,3,9,1,1,4
572,8,1,5,1,3,5,7,1,1,2
573,3,6,8,10,2,1,4,8,1,2
574,3,8,4,8,2,1,1,3,2,4
575,5,8,9,8,2,10,4,1,1,2
576,5,1,3,1,5,5,7,1,1,2
577,4,10,7,5,2,1,7,10,4,4
578,10,1,3,1,2,3,3,3,1,4
579,8,10,1,8,2,10,3,3,4,4
580,10,1,10,6,5,10,3,10,1,2
581,5,4,4,1,6,?,4,8,1,2
582,1,1,1,1,10,1,3,3,1,4
583,4,6,9,1,10,3,7,10,4,4
584,10,2,1,8,10,1,7,10,1,4
585,4,1,1,1,3,1,8,7,1,4
586,10,10,1,10,6,7,7,10,1,4
587,1,2,1,10,5,1,3,9,1,4
588,3,3,7,2,2,8,7,8,10,2
589,1,1,5,2,10,1,3,10,1,4
590,5,1,7,1,8,?,2,3,1,2
591,8,10,1,1,5,10,2,1,2,2
592,2,5,1,10,2,1,7,3,10,2
593,8,7,2,6,3,5,2,3,3,4
594,1,2,1,3,2,1,7,1,1,4
595,10,1,10,6,10,9,7,1,1,2
596,1,10,4,6,7,10,2,1,1,2
597,6,8,4,1,2,2,4,8,4,2
598,5,8,7,4,3,5,9,1,1,2
599,4,2,3,10,2,1,3,3,1,4
600,10,8,1,5,2,5,7,1,1,4
601,2,2,1,3,3,6,4,1,1,4
602,10,8,1,1,6,3,8,10,1,4
603,5,1,10,2,6,1,7,10,10,2
604,10,7,1,1,10,4,7,1,1,4
605,1,5,6,8,2,1,1,3,3,2
606,3,1,10,1,2,8,1,1,1,4
607,7,3,6,1,1,1,3,10,1,2
608,10,7,1,9,3,10,2,5,1,4
609,10,5,7,1,2,10,3,4,1,4
610,5,3,10,1,3,1,3,1,4,4
611,8,5,1,8,4,7,7,10,7,4
612,3,1,5,10,2,1,5,2,10,4
613,9,1,1,10,2,10,7,1,3,4
614,10,9,10,8,5,2,2,10,1,4
615,5,7,1,7,6,10,3,3,5,4
616,3,2,10,1,2,4,5,1,1,2
617,1,8,1,1,2,10,7,10,4,2
618,8,8,4,3,7,10,7,10,4,2
619,5,10,1,1,8,9,7,1,2,4
620,5,1,3,2,5,1,2,6,2,4
621,6,1,5,4,3,1,8,3,1,4
622,10,8,2,1,6,1,3,10,3,4
623,5,9,10,1,1,10,4,6,1,2
624,1,7,4,4,6,1,3,1,3,2
625,10,4,2,2,2,1,10,2,3,4
626,5,5,1,1,2,6,10,10,1,4
627,5,3,7,10,1,1,3,1,1,4
628,3,7,5,3,2,10,7,5,1,2
629,4,1,4,4,4,8,7,7,1,4
630,8,1,5,10,2,5,4,6,1,4
631,6,4,1,1,10,10,7,1,1,4
632,5,4,4,1,1,1,7,5,1,2
633,4,1,10,4,4,10,1,2,3,4
634,3,10,8,1,6,4,4,1,1,4
635,5,1,7,1,5,10,10,8,1,4
636,6,4,10,10,2,2,10,1,1,4
637,3,1,4,10,4,9,10,6,4,4
638,4,10,2,1,6,9,2,1,1,4
639,1,1,5,3,6,7,1,1,1,2
640,7,4,4,1,7,1,1,1,2,4
641,8,7,7,5,2,10,1,1,2,2
642,5,7,4,8,2,9,1,1,1,4
643,1,1,1,2,2,1,3,1,1,2
644,5,1,1,1,1,6,6,1,4,4
645,3,7,5,5,2,4,1,5,1,2
646,10,1,2,1,5,10,1,3,2,4
647,4,8,1,1,2,5,4,1,3,4
648,10,7,4,2,2,?,2,3,1,4
649,10,10,1,1,6,2,7,1,1,4
650,10,5,1,4,5,1,7,3,4,4
651,1,1,10,1,5,4,1,1,2,2
652,1,6,10,1,10,10,6,1,2,4
653,10,5,7,1,8,10,8,1,7,4
654,7,1,10,1,6,2,4,1,1,2
655,2,6,10,10,4,3,3,2,3,4
656,7,3,10,1,5,10,3,8,10,4
657,10,1,1,1,4,10,7,10,10,4
658,8,3,1,10,2,1,5,10,10,2
659,3,3,2,1,4,3,3,1,3,2
660,3,1,6,4,7,4,3,1,3,2
661,8,1,1,4,3,1,3,1,3,2
662,1,6,1,3,2,1,5,1,1,4
663,5,4,5,6,3,1,3,10,10,4
664,6,3,8,1,6,4,5,3,1,4
665,6,3,3,10,3,10,1,8,1,4
666,10,1,8,1,2,10,7,3,1,4
667,5,10,1,1,6,1,7,1,6,2
668,3,1,8,3,3,1,7,1,1,4
669,9,2,1,2,10,9,7,7,8,4
670,1,5,10,1,2,10,3,1,1,4
671,2,8,1,1,2,10,7,10,1,4
672,10,10,1,1,2,1,4,10,3,4
673,2,5,5,4,3,1,7,1,1,2
674,8,10,1,2,2,8,3,2,1,2
675,8,10,1,2,6,8,3,2,2,4
676,8,4,1,9,2,?,3,1,7,4
677,4,1,5,6,2,8,4,1,1,2
678,6,6,7,1,7,1,3,8,3,4
679,4,10,6,2,10,3,5,1,4,4
680,3,8,1,10,6,4,2,1,1,4
681,9,4,1,1,10,8,3,6,10,2
682,8,10,3,1,2,10,3,1,1,2
683,6,4,5,1,2,1,7,3,3,2
684,1,5,9,9,2,10,5,4,1,4
685,6,1,10,1,10,10,1,6,6,2
686,1,1,8,6,2,1,4,1,1,2
687,3,2,1,8,3,1,7,1,1,4
688,10,2,1,4,3,1,1,1,1,4
689,5,1,6,1,3,10,8,1,1,2
690,3,1,7,7,2,1,7,1,1,2
691,10,10,9,10,7,10,2,1,5,4
692,5,3,4,1,2,1,3,1,1,2
693,1,1,1,1,10,1,7,1,1,4
694,4,3,7,4,1,1,2,10,1,4
695,9,7,3,6,2,1,2,4,1,2
696,5,1,5,3,6,8,2,1,1,4
697,1,7,8,1,1,5,1,6,4,4
698,5,3,3,1,4,1,10,5,1,4
