dataset,ranking_metric,utility_metric,pearson_r,pearson_p,spearman_r,spearman_p,n
real_data2_testing,kendalltau,fidelity_accuracy_drop,-0.054439485763099135,0.707297876542085,-0.08073178854326081,0.5773004032740483,50
real_data2_testing,kendalltau,utility_accuracy_drop,-0.03129507604865326,0.8291862632975612,0.08372023579109342,0.5632407490823212,50
real_data2_testing,kendalltau,fidelity_balanced_accuracy_drop,-0.05514098189223416,0.7036979575952076,-0.0907027637493558,0.5310285026589485,50
real_data2_testing,kendalltau,utility_balanced_accuracy_drop,-0.02690885959459612,0.8528405688054422,0.09192544147121044,0.525482604682296,50
real_data2_testing,kendalltau,fidelity_rmse_ratio,-0.03293962440181279,0.4858023923563136,0.29873880992230856,9.939940021424109e-11,450
real_data2_testing,kendalltau,utility_rmse_ratio,0.1658625483885059,0.00041057378834964843,0.22084601502308235,2.2412959337614394e-06,450
real_data2_testing,weightedtau,fidelity_accuracy_drop,-0.029991650715589485,0.836200810990544,-0.0669410969020391,0.6441591430922022,50
real_data2_testing,weightedtau,utility_accuracy_drop,-0.017796419783744806,0.9023712036090136,0.09932238104130452,0.4925544914787954,50
real_data2_testing,weightedtau,fidelity_balanced_accuracy_drop,-0.0322425242163199,0.8240956827654492,-0.08303134639884227,0.5664675224420439,50
real_data2_testing,weightedtau,utility_balanced_accuracy_drop,-0.01307468242303841,0.9281939351981562,0.10335040716842385,0.47508508749372746,50
real_data2_testing,weightedtau,fidelity_rmse_ratio,0.028648308680389815,0.544410805410101,0.3369059953639001,2.0928149705761062e-13,450
real_data2_testing,weightedtau,utility_rmse_ratio,0.13360227041295236,0.004525698578936061,0.21161216216593517,5.958303162528511e-06,450
real_data2_testing,spearmanr,fidelity_accuracy_drop,0.0009256960712557862,0.9949094528931844,-0.06836496916468157,0.6371130937102196,50
real_data2_testing,spearmanr,utility_accuracy_drop,0.004958814304163426,0.9727356674672331,0.11011754269801761,0.446493510949184,50
real_data2_testing,spearmanr,fidelity_balanced_accuracy_drop,0.0023086766895811794,0.9873046620929804,-0.07516415119456726,0.6039122542867228,50
real_data2_testing,spearmanr,utility_balanced_accuracy_drop,0.008927225058198596,0.9509374538625076,0.11607200337818552,0.42214100261337173,50
real_data2_testing,spearmanr,fidelity_rmse_ratio,0.0025693619472602347,0.956654009755368,0.3197022007400708,3.753308253384448e-12,450
real_data2_testing,spearmanr,utility_rmse_ratio,0.1653033471985462,0.0004297389314944769,0.22810848477304815,1.0080003837611372e-06,450
real_data2_testing,rbo,fidelity_accuracy_drop,-0.152513139471143,0.29034957302236375,-0.20015787901310833,0.16341382093225135,50
real_data2_testing,rbo,utility_accuracy_drop,-0.06962019973414088,0.6309277831113157,-0.006060696407447107,0.9666804495755636,50
real_data2_testing,rbo,fidelity_balanced_accuracy_drop,-0.15581174805462483,0.2799175123952291,-0.19890574690896173,0.16611861772862518,50
real_data2_testing,rbo,utility_balanced_accuracy_drop,-0.0642867750771661,0.6573767038128872,0.030097234299663645,0.8356321222083345,50
real_data2_testing,rbo,fidelity_rmse_ratio,0.03777195455779842,0.4241043946370566,0.32313840100245494,2.1394696175005933e-12,450
real_data2_testing,rbo,utility_rmse_ratio,0.1955141630748329,2.962645720070976e-05,0.2596026775284792,2.3000289678123834e-08,450
real_data2_testing,ndcg_score,fidelity_accuracy_drop,-0.0034453489965772834,0.9810550880464441,-0.05377797185331943,0.7106984329694334,50
real_data2_testing,ndcg_score,utility_accuracy_drop,-0.006984362880380256,0.9616060063359697,0.11971742032398357,0.4076121147875481,50
real_data2_testing,ndcg_score,fidelity_balanced_accuracy_drop,-0.005481568706191747,0.9698627432980423,-0.07544546643502417,0.6025549212859843,50
real_data2_testing,ndcg_score,utility_balanced_accuracy_drop,-0.0020949615613598503,0.9884797915018926,0.12244169272291998,0.39694553366639096,50
real_data2_testing,ndcg_score,fidelity_rmse_ratio,0.1131440948711955,0.016341930854122992,0.35701700526703745,5.659608092899049e-15,450
real_data2_testing,ndcg_score,utility_rmse_ratio,0.12056870916415581,0.010470846459160254,0.20893894470986743,7.845400254787022e-06,450
real_data3_testing,kendalltau,fidelity_accuracy_drop,-0.2098491826044369,0.14355799632430843,-0.09228444019446796,0.5238597026850251,50
real_data3_testing,kendalltau,utility_accuracy_drop,-0.23389406058788792,0.10208798431221622,-0.12931435070690206,0.37077155491071434,50
real_data3_testing,kendalltau,fidelity_balanced_accuracy_drop,-0.20839610600263567,0.14641504516505288,-0.09462897588370509,0.5133224795290923,50
real_data3_testing,kendalltau,utility_balanced_accuracy_drop,-0.2269500711667639,0.11297790284602341,-0.11539485188131493,0.4248717944244532,50
real_data3_testing,kendalltau,fidelity_rmse_ratio,0.20158340694833915,0.0004429393053124802,0.3604047047538651,1.244229728469701e-10,300
real_data3_testing,kendalltau,utility_rmse_ratio,0.1651530992708359,0.004126632572319703,0.21698654811002596,0.00015195385843456966,300
real_data3_testing,weightedtau,fidelity_accuracy_drop,-0.16396973100694875,0.2551885395834073,-0.08270571592122195,0.5679957654928485,50
real_data3_testing,weightedtau,utility_accuracy_drop,-0.18395215659914158,0.20097322158850392,-0.11086205428331146,0.44340693626598904,50
real_data3_testing,weightedtau,fidelity_balanced_accuracy_drop,-0.1642910584706449,0.25424562906544435,-0.08254721160802864,0.5687403456080564,50
real_data3_testing,weightedtau,utility_balanced_accuracy_drop,-0.17471889629524792,0.22491504272729063,-0.08428965462848571,0.5605800757060158,50
real_data3_testing,weightedtau,fidelity_rmse_ratio,0.1459401877868984,0.011381260903502126,0.3245582027727194,8.686222694909766e-09,300
real_data3_testing,weightedtau,utility_rmse_ratio,0.12917858746189534,0.025254925405858913,0.17136543795459885,0.002903220678582888,300
real_data3_testing,spearmanr,fidelity_accuracy_drop,-0.1852749794244683,0.19769660506461945,-0.09778436200484648,0.49931168901484413,50
real_data3_testing,spearmanr,utility_accuracy_drop,-0.2146233077084665,0.13446244493144233,-0.13918710826719283,0.335040231874284,50
real_data3_testing,spearmanr,fidelity_balanced_accuracy_drop,-0.18422407001076674,0.20029658257563557,-0.10057684247537092,0.48707845160620444,50
real_data3_testing,spearmanr,utility_balanced_accuracy_drop,-0.2098487464832298,0.1435588475707798,-0.1264586233514169,0.381518801030004,50
real_data3_testing,spearmanr,fidelity_rmse_ratio,0.14969244201553591,0.009415931876398411,0.36044631496651397,1.2377188815768976e-10,300
real_data3_testing,spearmanr,utility_rmse_ratio,0.13269073180938348,0.02151342893060114,0.2198862596680435,0.00012316452043238736,300
real_data3_testing,rbo,fidelity_accuracy_drop,-0.2808188203151996,0.04822118243130456,-0.1665124258684013,0.24779142880366242,50
real_data3_testing,rbo,utility_accuracy_drop,-0.2741126817118371,0.054064464687243144,-0.15911864348799082,0.26970991202426225,50
real_data3_testing,rbo,fidelity_balanced_accuracy_drop,-0.2832897436161914,0.04620222033007588,-0.16701923762457033,0.24633458358388788,50
real_data3_testing,rbo,utility_balanced_accuracy_drop,-0.2676825377894588,0.06019207039407728,-0.11844397716834013,0.4126543275435758,50
real_data3_testing,rbo,fidelity_rmse_ratio,0.1685353047287168,0.0034125687206145237,0.2979622790375142,1.446416696471077e-07,300
real_data3_testing,rbo,utility_rmse_ratio,0.13288767015988875,0.021318653522104315,0.1703784869088342,0.003072424740357208,300
real_data3_testing,ndcg_score,fidelity_accuracy_drop,-0.1191123839831611,0.41000331424744085,-0.08328153073500583,0.5652946608903157,50
real_data3_testing,ndcg_score,utility_accuracy_drop,-0.13913075874109404,0.33523786375180875,-0.10394676059241079,0.4725270188250208,50
real_data3_testing,ndcg_score,fidelity_balanced_accuracy_drop,-0.11709119536417692,0.41804968287026073,-0.07965815341034917,0.5823902807121046,50
real_data3_testing,ndcg_score,utility_balanced_accuracy_drop,-0.13203213439908978,0.3607143793548204,-0.07439912257134897,0.6076101893717674,50
real_data3_testing,ndcg_score,fidelity_rmse_ratio,0.06580943243815968,0.2558199392753456,0.3197178463277607,1.4796346133786065e-08,300
real_data3_testing,ndcg_score,utility_rmse_ratio,0.08031596775329905,0.16527459848490972,0.16368658199020394,0.0044761894730233134,300
real_data4_testing,kendalltau,fidelity_accuracy_drop,-0.3840013932573084,0.0059044463676346855,-0.31782429911789545,0.02450072863183133,50
real_data4_testing,kendalltau,utility_accuracy_drop,-0.38706960542004837,0.005487693838915449,-0.3443978349837405,0.014321253853242434,50
real_data4_testing,kendalltau,fidelity_balanced_accuracy_drop,-0.3661582606649442,0.008918742347203034,-0.2446639659518596,0.08682092840051298,50
real_data4_testing,kendalltau,utility_balanced_accuracy_drop,-0.38258283153937117,0.006106286873640424,-0.3538235810217826,0.011710277197290649,50
real_data4_testing,kendalltau,fidelity_rmse_ratio,-0.2561437073579341,4.1625138633184565e-05,0.03670359307157485,0.5635199819958808,250
real_data4_testing,kendalltau,utility_rmse_ratio,0.041111206686532106,0.5176052512403777,0.12299885906223902,0.052086507114424016,250
real_data4_testing,weightedtau,fidelity_accuracy_drop,-0.3670435878154687,0.008742647281637136,-0.28704236729604854,0.04326827275080903,50
real_data4_testing,weightedtau,utility_accuracy_drop,-0.37888390679248707,0.006661133449027915,-0.31182736911993025,0.027491252503601335,50
real_data4_testing,weightedtau,fidelity_balanced_accuracy_drop,-0.3499186065676049,0.012737621817583367,-0.21317827034424355,0.1371687249748598,50
real_data4_testing,weightedtau,utility_balanced_accuracy_drop,-0.377924792032883,0.006811974999027415,-0.3320088807535952,0.018496499795004204,50
real_data4_testing,weightedtau,fidelity_rmse_ratio,-0.1857731486238204,0.003195080138632731,0.047263302231668684,0.4568951168765919,250
real_data4_testing,weightedtau,utility_rmse_ratio,0.03583131355539043,0.5728326203459756,0.11127264906552375,0.07908584118269613,250
real_data4_testing,spearmanr,fidelity_accuracy_drop,-0.3473816536576919,0.013445658579970057,-0.3379721360780695,0.016373387957574623,50
real_data4_testing,spearmanr,utility_accuracy_drop,-0.35395501387134154,0.011676974839878236,-0.3736003350515602,0.007529586371613875,50
real_data4_testing,spearmanr,fidelity_balanced_accuracy_drop,-0.3383619747279526,0.016242127199587085,-0.26619416321115813,0.06168700930692902,50
real_data4_testing,spearmanr,utility_balanced_accuracy_drop,-0.3518132256809583,0.012229916674389276,-0.37505738756096063,0.007280796370002859,50
real_data4_testing,spearmanr,fidelity_rmse_ratio,-0.22597992159613367,0.000315956258850745,0.034565803104411985,0.5864710994249582,250
real_data4_testing,spearmanr,utility_rmse_ratio,0.03066118915421956,0.6294651060078061,0.12535842047302204,0.04770638281909171,250
real_data4_testing,rbo,fidelity_accuracy_drop,-0.16551925348710544,0.2506632377250243,-0.1864178605976192,0.1948963303190728,50
real_data4_testing,rbo,utility_accuracy_drop,-0.17258646443670045,0.2307136874222035,-0.19755450210521167,0.16907393065388465,50
real_data4_testing,rbo,fidelity_balanced_accuracy_drop,-0.1600584098376773,0.266854793165803,-0.10941603802900354,0.4494125918463153,50
real_data4_testing,rbo,utility_balanced_accuracy_drop,-0.17752398796459282,0.21744191896947507,-0.22299444540565538,0.11956559180622221,50
real_data4_testing,rbo,fidelity_rmse_ratio,-0.2953182916247957,2.010049859686613e-06,-0.019384727320341355,0.7603721855416739,250
real_data4_testing,rbo,utility_rmse_ratio,0.023831482587410163,0.7076800286204619,0.09986171579681491,0.1152613514700732,250
real_data4_testing,ndcg_score,fidelity_accuracy_drop,-0.36776037606513934,0.00860228662018499,-0.2604912347277132,0.0676926115175693,50
real_data4_testing,ndcg_score,utility_accuracy_drop,-0.3949612693118142,0.004531663962759638,-0.297185159217495,0.03609323744770764,50
real_data4_testing,ndcg_score,fidelity_balanced_accuracy_drop,-0.35452211974871883,0.011534212995529106,-0.1936355421969003,0.17786078004075886,50
real_data4_testing,ndcg_score,utility_balanced_accuracy_drop,-0.3974296853575314,0.004264277102037014,-0.32170589183481646,0.022714477295435822,50
real_data4_testing,ndcg_score,fidelity_rmse_ratio,-0.12049471897929552,0.05709556329715457,0.058374323482456185,0.3580236100561084,250
real_data4_testing,ndcg_score,utility_rmse_ratio,0.02531961060380375,0.6903384787754255,0.11615418426465124,0.06671843784956195,250
real_data5_testing,kendalltau,fidelity_accuracy_drop,-0.41519166305733873,8.018738671277579e-72,-0.15324984045435797,2.131448676820589e-10,1700
real_data5_testing,kendalltau,utility_accuracy_drop,-0.41181110401262294,1.4160427418111296e-70,-0.15396242212649863,1.7542142863624034e-10,1700
real_data5_testing,kendalltau,fidelity_balanced_accuracy_drop,-0.26304494671857037,2.6636797387928373e-28,-0.12497260635517488,2.3504826726501873e-07,1700
real_data5_testing,kendalltau,utility_balanced_accuracy_drop,-0.29071347849765306,1.8318311905061252e-34,-0.15361257247851023,1.9304712082558114e-10,1700
real_data5_testing,kendalltau,fidelity_rmse_ratio,-0.06254314444467422,0.6661164915351481,0.21925382408872165,0.12605946058190612,50
real_data5_testing,kendalltau,utility_rmse_ratio,-0.392747460856816,0.004783863268441879,0.006390698795485422,0.96486732051003,50
real_data5_testing,weightedtau,fidelity_accuracy_drop,-0.41923187311788246,2.48266017103365e-73,-0.16023059832935238,3.0405927534152814e-11,1700
real_data5_testing,weightedtau,utility_accuracy_drop,-0.4154178343885444,6.609475552094847e-72,-0.15884036830774642,4.51244790221841e-11,1700
real_data5_testing,weightedtau,fidelity_balanced_accuracy_drop,-0.28193653181845,1.9713770771505411e-32,-0.132723097925971,3.9605089157449305e-08,1700
real_data5_testing,weightedtau,utility_balanced_accuracy_drop,-0.305314052914465,5.250546153888571e-38,-0.1585087764123492,4.955457768099899e-11,1700
real_data5_testing,weightedtau,fidelity_rmse_ratio,-0.08035646462254047,0.579077426962234,0.18827770609005587,0.19039978510900085,50
real_data5_testing,weightedtau,utility_rmse_ratio,-0.3979329449012867,0.0042114950679760284,0.01599808015513871,0.9121958194254924,50
real_data5_testing,spearmanr,fidelity_accuracy_drop,-0.3857483263965415,1.973457364646001e-61,-0.14931218086955975,6.152253377961054e-10,1700
real_data5_testing,spearmanr,utility_accuracy_drop,-0.3812355424482384,6.25994148377941e-60,-0.14928880506228967,6.190580012108412e-10,1700
real_data5_testing,spearmanr,fidelity_balanced_accuracy_drop,-0.26019663719927044,1.0471920911733118e-27,-0.12017449720612666,6.719660699718306e-07,1700
real_data5_testing,spearmanr,utility_balanced_accuracy_drop,-0.2803905226437134,4.417606317365125e-32,-0.1475335127591578,9.841361222643248e-10,1700
real_data5_testing,spearmanr,fidelity_rmse_ratio,-0.19213428083483675,0.1813125260493773,0.21385161935339522,0.1359026528704047,50
real_data5_testing,spearmanr,utility_rmse_ratio,-0.4759034421728701,0.0004774215053429293,0.016239462444719743,0.9108763215978651,50
real_data5_testing,rbo,fidelity_accuracy_drop,-0.3209912190429556,4.835771504908379e-42,-0.11962898064744669,7.553092395334987e-07,1700
real_data5_testing,rbo,utility_accuracy_drop,-0.3204604503019398,6.685041699477947e-42,-0.11641357853428642,1.4890801807756882e-06,1700
real_data5_testing,rbo,fidelity_balanced_accuracy_drop,-0.15717956656631454,7.198763349394394e-11,-0.08912137752837213,0.00023397711727848164,1700
real_data5_testing,rbo,utility_balanced_accuracy_drop,-0.1907493381198536,2.15734847069257e-15,-0.11737246181738446,1.2184579067986246e-06,1700
real_data5_testing,rbo,fidelity_rmse_ratio,0.3367211339815943,0.016800717479285413,0.3036752692511466,0.03204004870128121,50
real_data5_testing,rbo,utility_rmse_ratio,0.018300549827928794,0.8996195933867233,0.15858757535169035,0.2713322994023773,50
real_data5_testing,ndcg_score,fidelity_accuracy_drop,-0.3852252789843733,2.954272381786001e-61,-0.15816761981919586,5.4555556371898e-11,1700
real_data5_testing,ndcg_score,utility_accuracy_drop,-0.38000111961777405,1.5964073083850766e-59,-0.15462376286253074,1.4629207774208663e-10,1700
real_data5_testing,ndcg_score,fidelity_balanced_accuracy_drop,-0.2818599241053889,2.052041226095441e-32,-0.13244777088443974,4.226702818326611e-08,1700
real_data5_testing,ndcg_score,utility_balanced_accuracy_drop,-0.293248991429152,4.59563524825013e-35,-0.15381577586618497,1.8260957808298675e-10,1700
real_data5_testing,ndcg_score,fidelity_rmse_ratio,-0.15647323635045066,0.27785559064560095,0.1967331478537328,0.1708888767794242,50
real_data5_testing,ndcg_score,utility_rmse_ratio,-0.4864992214639913,0.00034064276860719714,0.004371847730082951,0.9759618918256819,50
real_data6_testing,kendalltau,fidelity_accuracy_drop,-0.5538799070015483,1.702034048107612e-73,-0.16256615746844086,9.445323318028532e-07,900
real_data6_testing,kendalltau,utility_accuracy_drop,-0.5469206426432541,2.3962424624896393e-71,-0.1272507511126944,0.00012930009948235277,900
real_data6_testing,kendalltau,fidelity_balanced_accuracy_drop,-0.4340283112967645,1.2157672924011185e-42,-0.1463756836585086,1.0387999581128048e-05,900
real_data6_testing,kendalltau,utility_balanced_accuracy_drop,-0.41929510992541275,1.2505031873409248e-39,-0.12166161585471925,0.00025382089832601756,900
real_data6_testing,weightedtau,fidelity_accuracy_drop,-0.5504106768509359,2.0340466016062175e-72,-0.1689522142989173,3.428708602324261e-07,900
real_data6_testing,weightedtau,utility_accuracy_drop,-0.5432733121736216,3.058964467253529e-70,-0.13060907202070193,8.506211350050871e-05,900
real_data6_testing,weightedtau,fidelity_balanced_accuracy_drop,-0.4468677194172475,2.1669833363237406e-45,-0.15393324242481876,3.4966477442963257e-06,900
real_data6_testing,weightedtau,utility_balanced_accuracy_drop,-0.430477727290398,6.675106711685874e-42,-0.12779082851089774,0.00012096212089149724,900
real_data6_testing,spearmanr,fidelity_accuracy_drop,-0.5267078458346192,2.1970362340504045e-65,-0.1655390849076534,5.921416261482603e-07,900
real_data6_testing,spearmanr,utility_accuracy_drop,-0.5206700742186141,1.1116176134173191e-63,-0.130067467996922,9.106758957725503e-05,900
real_data6_testing,spearmanr,fidelity_balanced_accuracy_drop,-0.42159944242117275,4.322619229982734e-40,-0.14911482456410857,7.043620911062265e-06,900
real_data6_testing,spearmanr,utility_balanced_accuracy_drop,-0.4045870536059898,9.088479430869591e-37,-0.1238854911433681,0.00019472701634111456,900
real_data6_testing,rbo,fidelity_accuracy_drop,-0.5454310515508003,6.805962137050787e-71,-0.16119772150102699,1.1677384960814862e-06,900
real_data6_testing,rbo,utility_accuracy_drop,-0.5385975473114424,7.651722771143181e-69,-0.1266438140285474,0.0001393145420518524,900
real_data6_testing,rbo,fidelity_balanced_accuracy_drop,-0.39773109553784447,1.7545948590554503e-35,-0.1350291602744162,4.826567024174607e-05,900
real_data6_testing,rbo,utility_balanced_accuracy_drop,-0.38641367390229614,2.0020757495449875e-33,-0.11381937661139767,0.0006240085775422811,900
real_data6_testing,ndcg_score,fidelity_accuracy_drop,-0.5070942343847672,5.685163260609352e-60,-0.1693557436364533,3.211872223284118e-07,900
real_data6_testing,ndcg_score,utility_accuracy_drop,-0.5012318457081814,2.0197036587200053e-58,-0.13052998879938077,8.591509325826459e-05,900
real_data6_testing,ndcg_score,fidelity_balanced_accuracy_drop,-0.4258433392286398,5.979645594535691e-41,-0.15441026130330496,3.258608904374219e-06,900
real_data6_testing,ndcg_score,utility_balanced_accuracy_drop,-0.4064424861443746,4.030368345211183e-37,-0.12709523485702456,0.00013179951636407817,900
real_data_testing,kendalltau,fidelity_accuracy_drop,0.32810788289942233,9.37020676406546e-13,0.33877356430260136,1.5130106498796673e-13,450
real_data_testing,kendalltau,utility_accuracy_drop,0.23601652862852018,4.0955196737538107e-07,0.27557557402288446,2.763215572017263e-09,450
real_data_testing,kendalltau,fidelity_balanced_accuracy_drop,0.2902564815345757,3.479439483529636e-10,0.31768771209714547,5.2009457337360325e-12,450
real_data_testing,kendalltau,utility_balanced_accuracy_drop,0.24857834261244816,9.164214605122034e-08,0.28250393161779863,1.055027246898979e-09,450
real_data_testing,kendalltau,fidelity_rmse_ratio,0.33655006789830766,4.9082732158877716e-08,0.5022617188395364,2.202542371707949e-17,250
real_data_testing,kendalltau,utility_rmse_ratio,0.23310278316685282,0.00020035897386564252,0.30079434554202417,1.267352564582786e-06,250
real_data_testing,weightedtau,fidelity_accuracy_drop,0.30720515471808985,2.7305930608919844e-11,0.3489792154420267,2.4716254991060792e-14,450
real_data_testing,weightedtau,utility_accuracy_drop,0.23026869692672455,7.906625612873084e-07,0.299286257405192,9.154787842309492e-11,450
real_data_testing,weightedtau,fidelity_balanced_accuracy_drop,0.2787745984021297,1.7773974733172217e-09,0.33758222224697454,1.861342726090474e-13,450
real_data_testing,weightedtau,utility_balanced_accuracy_drop,0.24679673895244864,1.1389188003813197e-07,0.3114952768723815,1.3961931669377869e-11,450
real_data_testing,weightedtau,fidelity_rmse_ratio,0.2978786239707679,1.6220517217485347e-06,0.4819522366202219,6.039553448834241e-16,250
real_data_testing,weightedtau,utility_rmse_ratio,0.21071377359978624,0.0008002679234092481,0.30430080166164963,9.385593662902041e-07,250
real_data_testing,spearmanr,fidelity_accuracy_drop,0.2802224737715582,1.4529165474273946e-09,0.33666941452193416,2.1802715025859673e-13,450
real_data_testing,spearmanr,utility_accuracy_drop,0.1928096381309214,3.831180983614201e-05,0.2693692575960133,6.4001547448325654e-09,450
real_data_testing,spearmanr,fidelity_balanced_accuracy_drop,0.25756905610945413,2.98261275272995e-08,0.3174489963910953,5.405048304607151e-12,450
real_data_testing,spearmanr,utility_balanced_accuracy_drop,0.2144929142065071,4.411961453980471e-06,0.27880060350435976,1.7709922751950252e-09,450
real_data_testing,spearmanr,fidelity_rmse_ratio,0.22522532030310774,0.0003313040276073111,0.5061511287244277,1.1388185796606458e-17,250
real_data_testing,spearmanr,utility_rmse_ratio,0.1464004192977079,0.02057553363596614,0.3083225595773974,6.618356606958386e-07,250
real_data_testing,rbo,fidelity_accuracy_drop,0.39819310453600143,1.5011780605165338e-18,0.372245341514753,3.0837983093449875e-16,450
real_data_testing,rbo,utility_accuracy_drop,0.3173633593214521,5.480158460012468e-12,0.3310428225700666,5.713404638664625e-13,450
real_data_testing,rbo,fidelity_balanced_accuracy_drop,0.3694689295405779,5.302971282595299e-16,0.35852139393215415,4.274928010383824e-15,450
real_data_testing,rbo,utility_balanced_accuracy_drop,0.32286051183993575,2.239561753419877e-12,0.3327440598478731,4.278542732716028e-13,450
real_data_testing,rbo,fidelity_rmse_ratio,0.4709814229905001,3.3041735335348076e-15,0.48741073174301175,2.5341094900734683e-16,250
real_data_testing,rbo,utility_rmse_ratio,0.3677194376431886,2.0171044843862787e-09,0.27051548121879765,1.4449137681896939e-05,250
real_data_testing,ndcg_score,fidelity_accuracy_drop,0.25471119526747144,4.2813468443991356e-08,0.34807392444261565,2.910373941401605e-14,450
real_data_testing,ndcg_score,utility_accuracy_drop,0.19537202792838126,3.0032102423923414e-05,0.30277051244735614,5.400551487107248e-11,450
real_data_testing,ndcg_score,fidelity_balanced_accuracy_drop,0.23549335855861667,4.351279418846743e-07,0.3390150622346952,1.4506208518927894e-13,450
real_data_testing,ndcg_score,utility_balanced_accuracy_drop,0.21574113774044332,3.868420692140827e-06,0.31606118468641897,6.756061905086081e-12,450
real_data_testing,ndcg_score,fidelity_rmse_ratio,0.22958990147351518,0.0002512659750275635,0.4855219032418168,3.428495897799117e-16,250
real_data_testing,ndcg_score,utility_rmse_ratio,0.15458935300580318,0.014415123218978395,0.31712510678682665,3.025144907252218e-07,250
