perturbation,ranking_metric,utility_metric,pearson_r,pearson_p,spearman_r,spearman_p,n
category_flip,kendalltau,fidelity_accuracy_drop,-0.08424448351593442,0.033100812080302494,-0.09286966797770199,0.018777199225727105,640
category_flip,kendalltau,utility_accuracy_drop,-0.055687869893325775,0.15938526369558834,-0.06330749568315673,0.10958939413556226,640
category_flip,kendalltau,fidelity_balanced_accuracy_drop,-0.07936084844659866,0.04475714556291557,-0.08410466467281287,0.03339439824546919,640
category_flip,kendalltau,utility_balanced_accuracy_drop,-0.038209043022680134,0.33450292544048893,-0.03594619566221423,0.36393606780432686,640
category_flip,kendalltau,fidelity_rmse_ratio,-0.1566184964490958,0.011443550429275483,-0.12470780323647443,0.044535733148559076,260
category_flip,kendalltau,utility_rmse_ratio,-0.09469303290360473,0.12777214888562316,0.011748867935861667,0.850454540251552,260
category_flip,weightedtau,fidelity_accuracy_drop,-0.024554007211206007,0.5352236353621931,-0.04770333790759214,0.22815058142826153,640
category_flip,weightedtau,utility_accuracy_drop,0.013029443127609855,0.7421622419799998,-0.012959647209459748,0.7434948056139273,640
category_flip,weightedtau,fidelity_balanced_accuracy_drop,-0.07443673306130322,0.05982959869706392,-0.06078039563664683,0.12452602982421676,640
category_flip,weightedtau,utility_balanced_accuracy_drop,-0.02718390169272693,0.4924061568127722,-0.018814087337934982,0.6347338423425579,640
category_flip,weightedtau,fidelity_rmse_ratio,-0.09618944156111954,0.12183326633132888,-0.08882073949727597,0.1532588666994475,260
category_flip,weightedtau,utility_rmse_ratio,-0.06632334919332258,0.2866712019130316,0.03909574951743214,0.530264354870003,260
category_flip,spearmanr,fidelity_accuracy_drop,-0.13345865500738338,0.0007122511346869521,-0.12893599589672647,0.001078787319500668,640
category_flip,spearmanr,utility_accuracy_drop,-0.10265453022256772,0.009355878480128664,-0.09501408290931479,0.016197706197160263,640
category_flip,spearmanr,fidelity_balanced_accuracy_drop,-0.10016609752930782,0.01123030797537416,-0.11192169813843522,0.004585494142991693,640
category_flip,spearmanr,utility_balanced_accuracy_drop,-0.05286308638447547,0.18165986585089489,-0.05329540146262447,0.17810900656196132,640
category_flip,spearmanr,fidelity_rmse_ratio,-0.08356259369484863,0.17918634344611545,-0.10772170064745981,0.0829821647458075,260
category_flip,spearmanr,utility_rmse_ratio,-0.08595824556140373,0.1669975961913248,0.013030687118464468,0.8343623744254931,260
category_flip,rbo,fidelity_accuracy_drop,-0.11957489435718262,0.002445567087944901,-0.16189141484256214,3.8763010730506966e-05,640
category_flip,rbo,utility_accuracy_drop,-0.13716045929939813,0.0005021805116219488,-0.1696809363880652,1.5919420521667253e-05,640
category_flip,rbo,fidelity_balanced_accuracy_drop,0.0979474025172002,0.013174602517453027,0.08647467502900501,0.028707664781863148,640
category_flip,rbo,utility_balanced_accuracy_drop,0.013436973784817605,0.7343970547293958,0.01582097330170064,0.6895358301747885,640
category_flip,rbo,fidelity_rmse_ratio,-0.14825923474439395,0.016741992959944343,-0.047073865307862006,0.44976609791642774,260
category_flip,rbo,utility_rmse_ratio,-0.03306173118006413,0.595639982005369,0.06317095247280782,0.3102455966097851,260
category_flip,ndcg_score,fidelity_accuracy_drop,-0.040813316866614636,0.30258046259509347,-0.06990958204120529,0.0771791032336774,640
category_flip,ndcg_score,utility_accuracy_drop,0.005056800899308392,0.8984031678211147,-0.02886569029027044,0.4660169713234876,640
category_flip,ndcg_score,fidelity_balanced_accuracy_drop,-0.07739116985855145,0.050351308732011275,-0.06188532573852591,0.11781111737388276,640
category_flip,ndcg_score,utility_balanced_accuracy_drop,-0.0028809916180441916,0.9420117164833731,-0.005433055163337407,0.8908893473427837,640
category_flip,ndcg_score,fidelity_rmse_ratio,-0.00885330131087246,0.8870246099598635,-0.0777752621036056,0.21132148869126852,260
category_flip,ndcg_score,utility_rmse_ratio,-0.02778899649780287,0.6555891384314562,0.05243203989779333,0.39981767734738627,260
correlation_mix,kendalltau,fidelity_accuracy_drop,-0.19447155631663215,7.13789769331689e-07,-0.06683641143442096,0.09113775479976156,640
correlation_mix,kendalltau,utility_accuracy_drop,-0.269655050504396,3.994699167837086e-12,-0.14742712062715702,0.00018196414399707046,640
correlation_mix,kendalltau,fidelity_balanced_accuracy_drop,-0.20704427182828308,1.2571638801982016e-07,-0.07960757902012312,0.04409474314427227,640
correlation_mix,kendalltau,utility_balanced_accuracy_drop,-0.1486175150829467,0.0001610485637442504,-0.14719783281276866,0.00018627482571125626,640
correlation_mix,kendalltau,fidelity_rmse_ratio,-0.13989645263636338,0.024070709996843034,-0.20323168042568207,0.0009818258024666346,260
correlation_mix,kendalltau,utility_rmse_ratio,-0.10348858983470732,0.09588547508908019,-0.12261534309558261,0.04826301453231172,260
correlation_mix,weightedtau,fidelity_accuracy_drop,-0.2043003899759549,1.853927912743684e-07,-0.07909345730518683,0.045484450465581805,640
correlation_mix,weightedtau,utility_accuracy_drop,-0.2960240855602343,2.0689102897306143e-14,-0.15506297618694048,8.182260826336173e-05,640
correlation_mix,weightedtau,fidelity_balanced_accuracy_drop,-0.20810428498441497,1.0804410921137367e-07,-0.08618442096824955,0.02924945987861579,640
correlation_mix,weightedtau,utility_balanced_accuracy_drop,-0.15712510361512377,6.550809102743679e-05,-0.15108546941489406,0.0001246644132881237,640
correlation_mix,weightedtau,fidelity_rmse_ratio,-0.0952433956527863,0.125562394060595,-0.1452386239383897,0.019126539562291715,260
correlation_mix,weightedtau,utility_rmse_ratio,-0.14953637113012816,0.015814562643805506,-0.1886022625756762,0.0022587185018124152,260
correlation_mix,spearmanr,fidelity_accuracy_drop,-0.21132535413697243,6.785151438728901e-08,-0.07306882836742139,0.06469386158562812,640
correlation_mix,spearmanr,utility_accuracy_drop,-0.29427993547860365,2.9817571538564435e-14,-0.1449475093233436,0.00023397329698462635,640
correlation_mix,spearmanr,fidelity_balanced_accuracy_drop,-0.22734913193592024,6.004854770108897e-09,-0.08409278606279653,0.033419442607102896,640
correlation_mix,spearmanr,utility_balanced_accuracy_drop,-0.17144962847726486,1.2933656304855534e-05,-0.14720338381795448,0.00018616934342805498,640
correlation_mix,spearmanr,fidelity_rmse_ratio,-0.12314825747160256,0.047289847141944605,-0.16514820658180868,0.007620179572145544,260
correlation_mix,spearmanr,utility_rmse_ratio,-0.07849546726909924,0.20711069607151036,-0.09356824098643529,0.1323816815023507,260
correlation_mix,rbo,fidelity_accuracy_drop,-0.037233918137601296,0.346993647499821,0.013005404438991683,0.7426211086835522,640
correlation_mix,rbo,utility_accuracy_drop,-0.06774458737335519,0.08681655663939195,-0.06265791055024729,0.11328677254820475,640
correlation_mix,rbo,fidelity_balanced_accuracy_drop,-0.07733942886917622,0.050505804016536815,-0.014612525505838242,0.7121516212694502,640
correlation_mix,rbo,utility_balanced_accuracy_drop,-0.03816652620000764,0.3350414352438017,-0.0756631588275182,0.05572955616018584,640
correlation_mix,rbo,fidelity_rmse_ratio,-0.03437416737848173,0.5811133235067671,-0.12952022281015393,0.03687120009860241,260
correlation_mix,rbo,utility_rmse_ratio,-0.11158318554388075,0.07246769560600133,-0.15722180598168065,0.011125931231645505,260
correlation_mix,ndcg_score,fidelity_accuracy_drop,-0.15495329376570446,8.278969825927684e-05,-0.06519589724926632,0.09937946507821656,640
correlation_mix,ndcg_score,utility_accuracy_drop,-0.27898170681107304,6.617153014111724e-13,-0.1432264216225166,0.0002779290590208441,640
correlation_mix,ndcg_score,fidelity_balanced_accuracy_drop,-0.16426342434497612,2.968804686583501e-05,-0.07451175894051147,0.05957180733998176,640
correlation_mix,ndcg_score,utility_balanced_accuracy_drop,-0.1472710216970567,0.0001848885545651415,-0.139271230213676,0.00040984469426097827,640
correlation_mix,ndcg_score,fidelity_rmse_ratio,-0.01911658696424897,0.759004360330519,-0.1070752841570323,0.0848568267933068,260
correlation_mix,ndcg_score,utility_rmse_ratio,-0.07447570487499391,0.2313996911294296,-0.16208471038522917,0.0088374203361568,260
mean_variance_drift,kendalltau,fidelity_accuracy_drop,-0.22230759345526419,1.3137112499890096e-08,-0.17341721579608094,1.0240011180751807e-05,640
mean_variance_drift,kendalltau,utility_accuracy_drop,-0.11615241802200149,0.00325393951598762,-0.148222557015623,0.0001677240944986599,640
mean_variance_drift,kendalltau,fidelity_balanced_accuracy_drop,-0.16070866278416163,4.4215257335258655e-05,-0.14477305440098986,0.00023811282006236026,640
mean_variance_drift,kendalltau,utility_balanced_accuracy_drop,-0.13159961041781848,0.0008461107802601597,-0.1106289392802412,0.0050810658468105965,640
mean_variance_drift,kendalltau,fidelity_rmse_ratio,-0.021423461331517096,0.7309832140663941,-0.3442560190915171,1.2024987509244057e-08,260
mean_variance_drift,kendalltau,utility_rmse_ratio,0.0065786989116077945,0.9159248367842128,-0.31045829326408064,3.244518876838692e-07,260
mean_variance_drift,weightedtau,fidelity_accuracy_drop,,,,,640
mean_variance_drift,weightedtau,utility_accuracy_drop,,,,,640
mean_variance_drift,weightedtau,fidelity_balanced_accuracy_drop,,,,,640
mean_variance_drift,weightedtau,utility_balanced_accuracy_drop,,,,,640
mean_variance_drift,weightedtau,fidelity_rmse_ratio,0.016611932755494517,0.789787072518164,-0.0812651566650928,0.19148152590781262,260
mean_variance_drift,weightedtau,utility_rmse_ratio,0.04030992125354163,0.5175612729914036,-0.039327005904500396,0.5278327894561963,260
mean_variance_drift,spearmanr,fidelity_accuracy_drop,-0.14003447240779626,0.0003805460844238191,-0.11985300521970144,0.002388703467140154,640
mean_variance_drift,spearmanr,utility_accuracy_drop,-0.1644867272697792,2.8946314400499172e-05,-0.05957988529348695,0.1321554180602347,640
mean_variance_drift,spearmanr,fidelity_balanced_accuracy_drop,-0.2378654507488634,1.1048214914948857e-09,-0.14158285466497444,0.00032700961131497977,640
mean_variance_drift,spearmanr,utility_balanced_accuracy_drop,-0.08355537697087106,0.034569383516580385,-0.0880428954799109,0.025927156375642347,640
mean_variance_drift,spearmanr,fidelity_rmse_ratio,-0.006603995979439075,0.9156027417158832,-0.11634905896426219,0.06101317323375935,260
mean_variance_drift,spearmanr,utility_rmse_ratio,-0.001289828208187899,0.9834868421785437,-0.2768997738735146,5.834669447448398e-06,260
mean_variance_drift,rbo,fidelity_accuracy_drop,,,,,640
mean_variance_drift,rbo,utility_accuracy_drop,,,,,640
mean_variance_drift,rbo,fidelity_balanced_accuracy_drop,,,,,640
mean_variance_drift,rbo,utility_balanced_accuracy_drop,,,,,640
mean_variance_drift,rbo,fidelity_rmse_ratio,-0.07735791472147817,0.2137895583667825,-0.09500389890404932,0.12652032835508029,260
mean_variance_drift,rbo,utility_rmse_ratio,0.009988635173597205,0.8726527565265741,-0.041969706279336785,0.5004528783308795,260
mean_variance_drift,ndcg_score,fidelity_accuracy_drop,-0.2855265567723906,1.7980271582043559e-13,-0.19497613000589112,6.67154769038798e-07,640
mean_variance_drift,ndcg_score,utility_accuracy_drop,-0.11228107838110182,0.004455712672336135,-0.15416788488382102,9.003627411386178e-05,640
mean_variance_drift,ndcg_score,fidelity_balanced_accuracy_drop,-0.17397588671728048,9.578494382978671e-06,-0.14191306822013672,0.0003165419747704601,640
mean_variance_drift,ndcg_score,utility_balanced_accuracy_drop,-0.13950011001051238,0.0004008451496374631,-0.11697043456207494,0.003041244281370089,640
mean_variance_drift,ndcg_score,fidelity_rmse_ratio,0.03722621273426363,0.5501271707911007,-0.19002214688902955,0.0020885805674341973,260
mean_variance_drift,ndcg_score,utility_rmse_ratio,0.051277915531504376,0.41028657947342273,-0.15334730041950423,0.01330888597125191,260
missingness_mcar,kendalltau,fidelity_accuracy_drop,-0.19255764105446924,9.208272583207132e-07,-0.09719756493778559,0.013895813530373476,640
missingness_mcar,kendalltau,utility_accuracy_drop,-0.1917164682426559,1.0290640591940067e-06,-0.0987653415118656,0.012425732439360394,640
missingness_mcar,kendalltau,fidelity_balanced_accuracy_drop,-0.21456447084827515,4.21844734112318e-08,-0.15141568098074784,0.00012042910930623885,640
missingness_mcar,kendalltau,utility_balanced_accuracy_drop,-0.21397000549776835,4.605507862294856e-08,-0.15188427772735924,0.00011465068279867388,640
missingness_mcar,kendalltau,fidelity_rmse_ratio,-0.32360307508817227,9.444710611616815e-08,-0.4181708655328996,1.9879220312960285e-12,260
missingness_mcar,kendalltau,utility_rmse_ratio,-0.39968516051848124,2.1598578430910223e-11,-0.3840260242042053,1.456561081514293e-10,260
missingness_mcar,weightedtau,fidelity_accuracy_drop,-0.1387168860166835,0.00043242761968882194,-0.08294351847125056,0.03591951747818593,640
missingness_mcar,weightedtau,utility_accuracy_drop,-0.13732115786232005,0.000494521703206447,-0.084326649292738,0.032929313864924405,640
missingness_mcar,weightedtau,fidelity_balanced_accuracy_drop,-0.16459259669952814,2.860082739971186e-05,-0.11970525685154539,0.0024187605390648395,640
missingness_mcar,weightedtau,utility_balanced_accuracy_drop,-0.16268588177332527,3.546504080397199e-05,-0.11993894105761468,0.002371378475805974,640
missingness_mcar,weightedtau,fidelity_rmse_ratio,-0.23804375458760899,0.00010631697190855272,-0.4109569700855968,5.132026942784751e-12,260
missingness_mcar,weightedtau,utility_rmse_ratio,-0.37552575244400765,3.9379301876001563e-10,-0.42875972133915635,4.739522750918807e-13,260
missingness_mcar,spearmanr,fidelity_accuracy_drop,-0.18945147109863497,1.384672550357102e-06,-0.1221740744096625,0.001959181026982227,640
missingness_mcar,spearmanr,utility_accuracy_drop,-0.18908744810552902,1.4518474466880715e-06,-0.12351589752640106,0.0017443802454273605,640
missingness_mcar,spearmanr,fidelity_balanced_accuracy_drop,-0.20609379153637505,1.4391002991022824e-07,-0.16650633352644387,2.2991012136220113e-05,640
missingness_mcar,spearmanr,utility_balanced_accuracy_drop,-0.20644162405374955,1.369752158320795e-07,-0.16672965817141508,2.2409077691237465e-05,640
missingness_mcar,spearmanr,fidelity_rmse_ratio,-0.25065741208178327,4.356701158762809e-05,-0.40966937404633774,6.064226349570266e-12,260
missingness_mcar,spearmanr,utility_rmse_ratio,-0.3197008855338046,1.3708347168977117e-07,-0.3635664444717284,1.5211163109331395e-09,260
missingness_mcar,rbo,fidelity_accuracy_drop,-0.3142647189344186,3.8889134066780463e-16,-0.1883157046528556,1.60475049438403e-06,640
missingness_mcar,rbo,utility_accuracy_drop,-0.3140461113255725,4.0853960103512484e-16,-0.1896738996366317,1.3451054480561571e-06,640
missingness_mcar,rbo,fidelity_balanced_accuracy_drop,-0.18024684047273087,4.461329434280006e-06,0.02314292266562703,0.5589454971024828,640
missingness_mcar,rbo,utility_balanced_accuracy_drop,-0.17662420376250726,6.959338255388791e-06,0.02177238705089177,0.5824626749124856,640
missingness_mcar,rbo,fidelity_rmse_ratio,-0.30617288096557344,4.790332551658626e-07,-0.37921817292433607,2.565480003738718e-10,260
missingness_mcar,rbo,utility_rmse_ratio,-0.4156824924057017,2.7643366845125447e-12,-0.38034498545778717,2.2485900111932569e-10,260
missingness_mcar,ndcg_score,fidelity_accuracy_drop,-0.1253386664218464,0.0014871254846198227,-0.09116151638378713,0.0210815855272105,640
missingness_mcar,ndcg_score,utility_accuracy_drop,-0.12373743311156671,0.0017110692329698628,-0.09211365558915001,0.01976849417635221,640
missingness_mcar,ndcg_score,fidelity_balanced_accuracy_drop,-0.14866347303284871,0.00016028819732900412,-0.10790600502410294,0.006286029745606365,640
missingness_mcar,ndcg_score,utility_balanced_accuracy_drop,-0.14667209576801749,0.00019652303971892746,-0.10802911529480583,0.0062264467785836,640
missingness_mcar,ndcg_score,fidelity_rmse_ratio,-0.13237419014043855,0.03287693595295883,-0.3827004958083411,1.7041477374488027e-10,260
missingness_mcar,ndcg_score,utility_rmse_ratio,-0.2659680258283638,1.3833826256168561e-05,-0.3974375647514154,2.8582155585789564e-11,260
noise_injection,kendalltau,fidelity_accuracy_drop,-0.07302415410333495,0.06485805736159261,-0.02461789788767987,0.5341616663375947,640
noise_injection,kendalltau,utility_accuracy_drop,-0.011318237868712222,0.7750460942243231,0.020954179388193363,0.5967185500700953,640
noise_injection,kendalltau,fidelity_balanced_accuracy_drop,0.02782363768615556,0.48227479106988747,0.013479028395397314,0.7335972606857701,640
noise_injection,kendalltau,utility_balanced_accuracy_drop,0.011503476284894038,0.771465728953125,-0.03512507745349822,0.3750042655496102,640
noise_injection,kendalltau,fidelity_rmse_ratio,0.0044238283716439624,0.9434067231310366,-0.06775660574372577,0.27636137711001213,260
noise_injection,kendalltau,utility_rmse_ratio,0.07941017385865043,0.20185043068813077,0.0927314051592595,0.13589342599405302,260
noise_injection,weightedtau,fidelity_accuracy_drop,-0.09779447109053126,0.013318955757347052,-0.040189525296646454,0.310036193392615,640
noise_injection,weightedtau,utility_accuracy_drop,0.023202830702408632,0.5579281126659626,0.029466622677977995,0.4567812179419647,640
noise_injection,weightedtau,fidelity_balanced_accuracy_drop,-0.0025007870518279456,0.9496535203051778,0.00422617852551527,0.9150220081464725,640
noise_injection,weightedtau,utility_balanced_accuracy_drop,0.03779483980089586,0.3397728506168008,-0.022625842764572014,0.5677639347201,640
noise_injection,weightedtau,fidelity_rmse_ratio,0.0008776145711258312,0.9887638212089027,-0.07772095078393623,0.2116415056049978,260
noise_injection,weightedtau,utility_rmse_ratio,0.055569451272644975,0.3721770462288002,0.08404612191125377,0.17667469728325014,260
noise_injection,spearmanr,fidelity_accuracy_drop,-0.07509642091925141,0.05759422813879828,-0.02615896907569259,0.5088722417818963,640
noise_injection,spearmanr,utility_accuracy_drop,-0.007275860445930149,0.8542418020992127,0.013707334842556897,0.7292603837618019,640
noise_injection,spearmanr,fidelity_balanced_accuracy_drop,0.03209580197832408,0.4176021690438551,0.011476061677810545,0.7719953058728461,640
noise_injection,spearmanr,utility_balanced_accuracy_drop,0.027876363121627307,0.48144486201313375,-0.03565082776399713,0.3678937673486474,640
noise_injection,spearmanr,fidelity_rmse_ratio,-0.003594716026971508,0.9540003757293449,-0.07364468758544214,0.23666224511025266,260
noise_injection,spearmanr,utility_rmse_ratio,0.09537263866016879,0.12504778989016826,0.0765874463326222,0.2184000614528829,260
noise_injection,rbo,fidelity_accuracy_drop,-0.028546016210131468,0.47097190136990236,-0.008778572859053077,0.8245844838052604,640
noise_injection,rbo,utility_accuracy_drop,0.010100965408140525,0.7986895628993964,0.03982301758228804,0.3144727698036265,640
noise_injection,rbo,fidelity_balanced_accuracy_drop,0.03993978824465147,0.3130547626105343,0.01624483271020414,0.6816672721754313,640
noise_injection,rbo,utility_balanced_accuracy_drop,0.024614943797207852,0.5342107448084121,-0.011918064374218981,0.7634700778562855,640
noise_injection,rbo,fidelity_rmse_ratio,-0.04699445107824242,0.45053189725491044,-0.10716332801605902,0.08459950658562383,260
noise_injection,rbo,utility_rmse_ratio,-0.02857355333456236,0.6465154216093474,0.05205588624358235,0.40321204170108504,260
noise_injection,ndcg_score,fidelity_accuracy_drop,-0.08225265428674859,0.037497654236858406,-0.0395386365788712,0.31794375442888745,640
noise_injection,ndcg_score,utility_accuracy_drop,0.05600366018898795,0.15702918290839835,0.033041072099606814,0.4040138430088852,640
noise_injection,ndcg_score,fidelity_balanced_accuracy_drop,-0.003895283948578153,0.9216531956516125,0.0030299663394007777,0.9390188577890817,640
noise_injection,ndcg_score,utility_balanced_accuracy_drop,0.07794230857656018,0.048730027836465635,-0.018545856327859944,0.6395698767601556,640
noise_injection,ndcg_score,fidelity_rmse_ratio,0.003136101635099367,0.959863730656073,-0.0815343483543126,0.19000978136631325,260
noise_injection,ndcg_score,utility_rmse_ratio,0.05823883225077349,0.349611916085251,0.07794813984657176,0.21030516249858755,260
